[{"id":"user-image-rtrtrtrt.jpg","publicUrl":"np://user.desktop.nicepage.com/Site_75017934/images/rtrtrtrt.jpg","size":220247,"hash":"zNARH8bb7dYCpyp/xHrZwKoH5IM=","fileName":"rtrtrtrt.jpg","name":"rtrtrtrt","width":1380,"height":920,"thumbnail":{"url":"np://user.desktop.nicepage.com/Site_75017934/images/thumbnails/rtrtrtrt.jpg","width":250,"height":167},"originalUrl":"https://assets.nicepagecdn.com/d2cc3eaa/88834/images/rtrtrtrt.jpg","usages":["28349073"]},{"id":"user-image-35860634_8346234.png","publicUrl":"np://user.desktop.nicepage.com/Site_75017934/images/35860634_8346234.png","size":82135,"hash":"x6fzMep4xdypUPwLBGhfyASOL1Y=","fileName":"35860634_8346234.png","name":"35860634_8346234","width":856,"height":1590,"thumbnail":{"url":"np://user.desktop.nicepage.com/Site_75017934/images/thumbnails/35860634_8346234.png","width":135,"height":250},"originalUrl":"//images01.nicepagecdn.com/a1389d7bc73adea1e1c1fb7e/f6f19b77a9bb53caaae18a09/35860634_8346234.png","usages":[]}]